Row Number,School Name,Bestuursnummer,Brin,Sector,KwaliteiOnderwijs
1,Paulusschool,40676.0,15AI,PO,Voldoende
2,De Kleine Dichter,41400.0,17RK,PO,Geen eindoordeel
3,Stichting De Doorzetters,,28MZ,PO,Geen eindoordeel
4,"obs Rhoon, locatie De",41456.0,12LT,PO,Voldoende
5,,,29YP,PO,Geen eindoordeel
6,OBS de Horizon,41371.0,18LJ,PO,Voldoende
7,,45000.0,11MD,PO,Onvoldoende
8,De Regenboogschool,,28HY,PO,Voldoende
9,PCBO Het Kompas 17LT,82526.0,17LT,PO,Voldoende
10,,70002.0,03YM,PO,Geen eindoordeel
11,,83864.0,16WG,PO,Geen eindoordeel
12,OBS Darwin,41611.0,10VR,PO,Voldoende
13,De Olijfboom,41621.0,11RO,PO,Voldoende
14,Nederlandse School De,,28NT,PO,Voldoende
15,AZS De Vlieger,41345.0,19ML,PO,Geen eindoordeel
16,"De Sprong, 08QN",83280.0,08QN,PO,Geen eindoordeel
17,De Lichtbaak,32073.0,11KN,PO,Onvoldoende
18,,62662.0,17TC,PO,Onvoldoende
19,Basisschool Sint Michaël,41000.0,05BJ,PO,Goed
20,,75219.0,13KR,PO,Geen eindoordeel
21,Dutch School of Southern,,28NB,PO,Geen eindoordeel
22,,41645.0,19US,PO,Goed
23,obs De Zandplaat 18OL,41574.0,18OL,PO,Onvoldoende
24,2e Van der Huchtschool,97358.0,09DI,PO,Goed
25,OBS Bargerpaske - 18VQ-c1,41494.0,18VQ,PO,Onvoldoende
26,NTC-po 't Kofschip,,28FL,PO,Geen eindoordeel
27,"KC Boschveld, 15RJ",74049.0,15RJ,PO,Voldoende
28,Vrije School Johannes (04AZ),41246.0,04AZ,PO,Voldoende
29,Vrije School Valentijn,77456.0,06AF,PO,Voldoende
30,Openbare basisschool,41400.0,16NM,PO,Goed
31,OBS Elckerlyc,40969.0,04GX,PO,Geen eindoordeel
32,,47959.0,03VW,PO,Geen eindoordeel
33,,42826.0,32AT,PO,Geen eindoordeel
34,,41338.0,17LB,PO,Geen eindoordeel
35,Kindcentrum Impuls 16EC,80433.0,16EC,PO,Onvoldoende
36,OBS De Meerwaarde 11GH,41444.0,11GH,PO,Goed
37,Rooms Katholieke,42828.0,Unnamed_School,PO,Onvoldoende
38,OBDS de Reiziger (17TJ|C1),41616.0,17TJ,PO,Geen eindoordeel
39,"CBS Het Palet, 11CZ",41551.0,11CZ,PO,Voldoende
40,,43227.0,01XT,PO,Voldoende
41,,40812.0,07TM,PO,Voldoende
42,,41674.0,19BA,PO,Onvoldoende
43,,42559.0,05QH,PO,Voldoende
44,van Ostade school,41572.0,19NW,PO,Geen eindoordeel
45,,20281.0,27CH,PO,Geen eindoordeel
46,Tien voor taal Stichting,,28JM,PO,Voldoende
47,De Nederlandse School Parijs,,30YJ,PO,Voldoende
48,LanguageOne Shanghai-,,28LC,PO,Geen eindoordeel
49,Al Jawhara 30UE,30883.0,30UE,PO,Voldoende
50,,41574.0,16US,PO,Geen eindoordeel
51,de Buitenkans,42728.0,31DF,PO,Voldoende
52,,41674.0,19BA,PO,Onvoldoende
53,,35466.0,09KS,PO,Geen eindoordeel
54,De Duinsprong,78222.0,15JZ,PO,Goed
55,,30883.0,30UE,PO,Voldoende
56,De Windroos ntc primair,,30TM,PO,Geen eindoordeel
57,23FD|C1 Hindoeschool Shri,30709.0,23FD,PO,Voldoende
58,CBS De Verrekijker 07WP,41358.0,07WP,PO,Voldoende
59,"De Visserschool, 13FM",81316.0,13FM,PO,Voldoende
60,De Taaltoekel,,28ER,PO,Voldoende
61,NTC-po De Eekhoorn,,29XD,PO,Voldoende
62,basisschool De Vossenberg,40874.0,13YW,PO,Onvoldoende
63,KBS Sint Anna (06XP),73191.0,06XP,PO,Onvoldoende
64,IKC De Bavinck (17OS-C1),41338.0,17OS,PO,Voldoende
65,,,28GP,PO,Voldoende
66,bs De Spelelier 09QY-C1,41633.0,09QY,PO,Onvoldoende
67,Taalschool De Kameleon,41639.0,15LX,PO,Basistoezicht
68,Nederlandse School,,28JV,PO,Onvoldoende
69,Christelijke basisschool De,41127.0,06RY,PO,Geen eindoordeel
70,,,28GP,PO,Voldoende
71,sbo-school De Boemerang,41516.0,20AG,PO,Voldoende
72,RKBS de Vlinder,43318.0,26AN,PO,Voldoende
73,o.b.s. Oud Avereest,41630.0,11HS,PO,Onvoldoende
74,NTC La Moraleja,,28GH,PO,Basistoezicht
75,basisschool Steltloper,41516.0,08MW,PO,Geen eindoordeel
76,Basisschool De Klinkert,31017.0,06GH,PO,Goed
77,De Edelsteen (24CP-C2),41390.0,24CP,PO,Geen eindoordeel
78,,41528.0,12FF,PO,Geen eindoordeel
79,Schakelklassen in,41574.0,15HW,PO,Geen eindoordeel
80,De Octopus,41595.0,08EW,PO,Geen eindoordeel
81,,75388.0,06XU,PO,Voldoende
82,Tuindorp,41858.0,14LQ,PO,Geen eindoordeel
83,IKC De Schakel,41338.0,17OB,PO,Voldoende
84,Nederlandstalige school,,28GJ,PO,Geen eindoordeel
85,Rudolf Steinerschool (09ZG),41296.0,09ZG,PO,Onvoldoende
86,LanguageOne Singapore,,30JD,PO,Onvoldoende
87,Basisschool Noord (12DO),41413.0,12DO,PO,Onvoldoende
88,Narcis-Querido,41663.0,20VG,PO,Geen eindoordeel
89,"K. Norel, BRIN 04NV",41736.0,04NV,PO,Voldoende
90,Daltonschool Reggewinde,23128.0,08TJ,PO,Voldoende
91,Wereldwijs Opvang,41527.0,15AN,PO,Geen eindoordeel
92,,41345.0,18GW,PO,Voldoende
93,"Yunus Emre, locatie Schalk",40272.0,31PG,PO,Geen eindoordeel
94,Rooms Katholieke,42828.0,Unnamed_School,PO,Onvoldoende
95,,24597.0,18BJ,PO,Voldoende
96,IKC De Wenteling (12EY),41812.0,12EY,PO,Onvoldoende
97,CBS Schatkaart,78782.0,Unnamed_School,PO,Geen eindoordeel
98,KC Skoatterwiis,41573.0,Unnamed_School,PO,Geen eindoordeel
99,Theresiaschool(17DF-C1),24597.0,17DF,PO,Voldoende
100,"Kindercampus Wantijschool,",41518.0,18MO,PO,Voldoende
101,OBS de Keikamp 13AT,41413.0,13AT,PO,Voldoende
102,sbo Luc Stevens,41400.0,21GQ,PO,Onvoldoende
103,,32580.0,02RT,PO,Geen eindoordeel
104,,,28EN,PO,Voldoende
105,SBO Koningin Julianaschool,41424.0,18YH,PO,Geen eindoordeel
106,De Dorpsbeuk,41481.0,10SO,PO,Geen eindoordeel
107,"Montessori Campus, 31TB|C1",41676.0,31TB,PO,Zeer zwak
108,Jan Campert School 15AP,41375.0,15AP,PO,Zeer zwak
109,,73114.0,04BX,PO,Onvoldoende
110,"NTC-school De Blauwe Lotus,",,28LN,PO,Voldoende
111,"St Bavoschool, locatie Eem",85255.0,19RK,PO,Voldoende
112,Sint Antoniusschool,45000.0,08PM,PO,Voldoende
113,Hugo de Grootschool,41645.0,19RD,PO,Geen eindoordeel
114,,41878.0,12VF,PO,Geen eindoordeel
115,AZC-school De Waaier,41566.0,20FB,PO,Geen eindoordeel
116,,75388.0,09HI,PO,Voldoende
117,,41386.0,13GC,PO,Geen eindoordeel
118,SBO Laurentius (21GJ),40928.0,21GJ,PO,Geen eindoordeel
119,Openbare basisschool De,42538.0,22KC,PO,Goed
120,,32073.0,11VZ,PO,Geen eindoordeel
121,Katholieke school voor,42818.0,04CV,PO,Voldoende
122,Theresiaschool(17DF-C1),24597.0,17DF,PO,Voldoende
123,NTC po en vo Zürich De,,28PP,PO,Voldoende
124,CBS Klim Op (11FL-C1),41396.0,11FL,PO,Voldoende
125,,41534.0,23WR,PO,Voldoende
126,ntc Nederlandse taalschool,,28GT,PO,Voldoende
127,OBS 't Vierschip 21LW-C1,42610.0,21LW,PO,Goed
128,Van Heemstraschool (05PA),41473.0,05PA,PO,Voldoende
129,De Vossenberg | 13YW,40874.0,13YW,PO,Onvoldoende
130,De Kinderboom,81316.0,14GL,PO,Geen eindoordeel
131,icbs Het Koraal 30FU|C1,41251.0,30FU,PO,Goed
132,rk/pc Jenaplanschool Kristalla,45000.0,11CB,PO,Voldoende
133,De Oranje Kameel,,30NW,PO,Geen eindoordeel
134,,42554.0,14AL,PO,Voldoende
135,NTC De Taaltuin,,28PF,PO,Voldoende
136,Synergieschool bestaande uit,41692.0,23HG,PO,Geen eindoordeel
137,De Regenboog,41483.0,12HM,PO,Voldoende
138,De Kosmos,41616.0,17TW,PO,Voldoende
139,SBO SAM (twee locaties:,40631.0,19PA,PO,Voldoende
140,De Nederlandse school,,28HC,PO,Voldoende
141,"De Esdoorn, ntc-basisschool",,31KC,PO,Geen eindoordeel
142,,22725.0,08SP,PO,Voldoende
143,Mondomijn [30AZ],30240.0,30AZ,PO,Voldoende
144,LanguageOne Genève,,28NM,PO,Voldoende
145,Jenaplanschool Cleophas,42616.0,05JW,PO,Geen eindoordeel
146,"cbs De Duif, 13PG|C1",41639.0,13PG,PO,Onvoldoende
147,,41516.0,03SV,PO,Voldoende
148,De Achtsprong 07RV|C1,20671.0,07RV,PO,Voldoende
149,,44318.0,04UL,PO,Voldoende
150,KC Willem-Alexander (11RR),41270.0,11RR,PO,Onvoldoende
151,SBO De Vogelveste (14CG),60985.0,14CG,PO,Onvoldoende
152,De Hollandse School Limited,,28GE,PO,Voldoende
153,,41396.0,11RJ,PO,Voldoende
154,basisschool Mariadonk,31017.0,06WV,PO,Goed
155,De Wegwijzer,24597.0,18AX,PO,Goed
156,CBS De Claercamp,42852.0,07YK,PO,Voldoende
157,De Zalmplaat (10QX-C1),47595.0,10QX,PO,Goed
158,,77235.0,07SI,PO,Voldoende
159,De Poolster 15MH|C1,40928.0,15MH,PO,Goed
160,O.b.s. Delftlanden,42830.0,30AG,PO,Geen eindoordeel
161,,41772.0,16WW,PO,Geen eindoordeel
162,De Duizendpoot (21OY),40278.0,21OY,PO,Voldoende
163,basisschool Trudo,30240.0,06OF,PO,Geen eindoordeel
164,Ds. D.A. van den Boschschool,70176.0,17TT,PO,Geen eindoordeel
165,OBS De Graswinkel,42538.0,22KC,PO,Goed
166,Tien voor taal Stichting,,28JM,PO,Voldoende
167,,,28FG,PO,Voldoende
168,KC De Ontdekkingsreizigers,42861.0,31TF,PO,Onvoldoende
169,Het Avontuur 31LJ,41528.0,31LJ,PO,Voldoende
170,St. Willibrordus,45000.0,06SQ,PO,Geen eindoordeel
171,basisschool Prins Maurits,42632.0,04OR,PO,Geen eindoordeel
172,basisschool De Vijfmaster,73712.0,06MI,PO,Voldoende
173,n.b..b.s. Het Blokland,45000.0,04PT,PO,Voldoende
174,o.b.s. De Jutter (03DJ|C1),13603.0,03DJ,PO,Onvoldoende
175,Prinses Marijkeschool,41572.0,19ZF,PO,Geen eindoordeel
176,Gearwurkingsskoalle Master,13839.0,13YH,PO,Onvoldoende
177,"A.S. Talmaschool, afdeling",41071.0,05SR,PO,Geen eindoordeel
178,,68836.0,09WN,PO,Voldoende
179,R.K. basisschool Op De Slek,41797.0,17JP,PO,Geen eindoordeel
180,,48101.0,17MQ,PO,Onvoldoende
181,,81316.0,14AI,PO,Voldoende
182,Paul Krugerschool voor,70176.0,17YA,PO,Voldoende
183,o.b.s. De Zilvermeeuw (13ED),41438.0,13ED,PO,Onvoldoende
184,'t Ambyld,41631.0,15GH,PO,Geen eindoordeel
185,basisschool Klein Amsterdam,42769.0,31JM,PO,Zeer zwak
186,,42623.0,09RA,PO,Voldoende
187,De Springplank,41869.0,18EJ,PO,Geen eindoordeel
188,De Driemaster (16MD),42552.0,16MD,PO,Onvoldoende
189,bs De Zefier,40257.0,07SO,PO,Geen eindoordeel
190,ntc Nederlandse taalschool,,28GT,PO,Voldoende
191,basisschool Mikado (12PY|C1),75597.0,12PY,PO,Voldoende
192,18ES|C1 Kindcentrum Sittard,83280.0,18ES,PO,Voldoende
193,,40278.0,03WF,PO,Voldoende
194,Theresiaschool(17DF-C1),24597.0,17DF,PO,Voldoende
195,,31080.0,32AP,PO,Geen eindoordeel
196,Stichting Nederlands,,28HB,PO,Voldoende
197,De Vrijhoeve (23WG),71008.0,23WG,PO,Voldoende
198,Openbare Basisschool Bello,42514.0,16WU,PO,Geen eindoordeel
199,Nederlandse school in,,29YX,PO,Geen eindoordeel
200,,22725.0,09AG,PO,Geen eindoordeel
201,De Kaleidoskoop,41400.0,17QH,PO,Geen eindoordeel
202,OBS ter Stege,41491.0,09FW,PO,Geen eindoordeel
203,OBS Twekkelerveld (17LM),41565.0,17LM,PO,Onvoldoende
204,De Regenboogschool,41646.0,03TJ,PO,Goed
205,AZS De Wissel,40662.0,15XA,PO,Goed
206,Openbare basisschool De,41349.0,22KK,PO,Voldoende
207,NTC PO Kinshasa,,30MW,PO,Voldoende
208,Basisschool De Esch 20HQ,41775.0,20HQ,PO,Voldoende
209,,41856.0,10EE,PO,Geen eindoordeel
210,,30847.0,23ED,PO,Zeer zwak
211,,40894.0,03WI,PO,Voldoende
212,"'t Nopje, Nederlands",,28HM,PO,Voldoende
213,IKC de Tamboerijn (11MW|C1),77235.0,11MW,PO,Voldoende
214,NTC Tiktikkie,,28EJ,PO,Basistoezicht
215,o.b.s. De Pôlle,41693.0,18RV,PO,Voldoende
216,c.b.s. De Noordkaap (05XE),41261.0,05XE,PO,Onvoldoende
217,,,28EN,PO,Voldoende
218,,13683.0,19KB,PO,Geen eindoordeel
219,NTC de Boomkikker,,30VG,PO,Voldoende
220,,41775.0,31MV,PO,Voldoende
221,Laetare (BRIN nr. 12QA),40950.0,12QA,PO,Voldoende
222,,78184.0,06ZZ,PO,Geen eindoordeel
223,Stichting Nederlandse taal en,,28KR,PO,Voldoende
224,De Bongerd,41345.0,13SQ,PO,Voldoende
225,De Tjongeling (13DS),41631.0,13DS,PO,Goed
226,RKBS De Kiem,40969.0,03PH,PO,Geen eindoordeel
227,,41775.0,11SY,PO,Voldoende
228,"World Wide Juf, persoonlijk",,30YG,PO,Voldoende
229,De Schapendel (05DA-C1),40967.0,05DA,PO,Goed
230,c.b.s. De Bron (05RN),41196.0,05RN,PO,Voldoende
231,OBS De Broekheurne (17EL),41565.0,17EL,PO,Voldoende
232,Broederschool,41506.0,15YD,PO,Geen eindoordeel
233,Kindcentrum Mondomijn,30240.0,30AZ,PO,Voldoende
234,De Rietendakschool 17RD,41616.0,17RD,PO,Onvoldoende
235,,,28NC,PO,Geen eindoordeel
236,De Balans (01XT),43227.0,01XT,PO,Voldoende
237,CBS Onze Wereld 08UY|C1,41071.0,08UY,PO,Goed
238,De Rank (07MC),41358.0,07MC,PO,Voldoende
239,obs De Dorpsakker,41852.0,18MG,PO,Voldoende
240,de Delftse Montessorischool,31162.0,04MF,PO,Onvoldoende
241,NTC Het Noorderlicht,,28FY,PO,Voldoende
242,IKEC Hoorn (01UR en 04GJ),42635.0,01UR,PO,Voldoende
243,De Krunenstrobbe,41856.0,13GV,PO,Geen eindoordeel
244,o.b.s. De Oleander (15AS),41780.0,15AS,PO,Voldoende
245,De Schatgraaf,41645.0,27YE,PO,Goed
246,,41572.0,19YX,PO,Geen eindoordeel
247,De Wieken (08AY),41261.0,08AY,PO,Voldoende
248,Basisschool St. Paulus 16FU,41506.0,16FU,PO,Goed
249,De Zeven Eiken,,28RL,PO,Voldoende
250,,62662.0,17ZR,PO,Voldoende
251,International Bilingual School,,29WY,PO,Onvoldoende
252,kindcentrum Beatrix/Talent,50195.0,10HM,PO,Voldoende
253,11UO,23128.0,11UO,PO,Voldoende
254,,20671.0,19AT,PO,Voldoende
255,,,29WY,PO,Onvoldoende
256,Pniëlschool,47595.0,16UW,PO,Voldoende
257,"Interschool, basisschool voor",10925.0,12TR,PO,Geen eindoordeel
258,Escola Holandesa Prins,,28EL,PO,Onvoldoende
259,,35466.0,11KQ,PO,Geen eindoordeel
260,Pastoor Middelkoopschool,45000.0,11MD,PO,Onvoldoende
261,Edufax,,28PZ,PO,Geen eindoordeel
262,Kindcentrum De PIT (31TJ),45000.0,31TJ,PO,Zeer zwak
263,,73919.0,05FM,PO,Voldoende
264,,20281.0,13RY,PO,Onvoldoende
265,,41340.0,03VT,PO,Geen eindoordeel
266,,41639.0,15LX,PO,Basistoezicht
267,,41242.0,07WX,PO,Onvoldoende
268,Stichting Nederlandse Taal,,28JK,PO,Voldoende
269,LanguageOne Kuala Lumpur,,28JC,PO,Voldoende
270,,75388.0,18GH,PO,Geen eindoordeel
271,,41775.0,31MV,PO,Voldoende
272,SBO Heldringschool 14XB|C1,47595.0,14XB,PO,Goed
273,,24597.0,16BO,PO,Geen eindoordeel
274,CBS Driestromenland,60985.0,15UW,PO,Voldoende
275,Noorderpoort,40672.0,10ZI,PO,Geen eindoordeel
276,"RKBS Hendrik Boogaard,",41570.0,09XC,PO,Voldoende
277,De Vaert,71008.0,09AF,PO,Geen eindoordeel
278,Obs De Mienskip (11BF),41492.0,11BF,PO,Goed
279,CBS De Enk,84046.0,07YE,PO,Voldoende
280,Sjalomschool 13YX-C2,43227.0,13YX,PO,Geen eindoordeel
281,,41672.0,10RL,PO,Geen eindoordeel
282,De Bonte Leeuw,,30EW,PO,Voldoende
283,Titus Brandsmaschool,40928.0,14DJ,PO,Goed
284,24AG Oranje Nassau School,41424.0,24AG,PO,Voldoende
285,,41574.0,10DX,PO,Geen eindoordeel
286,,41125.0,13KB,PO,Geen eindoordeel
287,De Knikkers,,28RJ,PO,Geen eindoordeel
288,"De Nieuwe Draai, 31VN",73919.0,31VN,PO,Zeer zwak
289,Rooms Katholieke,42828.0,Unnamed_School,PO,Onvoldoende
290,De Westerschool,41194.0,09BY,PO,Voldoende
291,,41506.0,16EO,PO,Voldoende
292,,41671.0,05OX,PO,Zeer zwak
293,NTC de Boomkikker,,30VG,PO,Voldoende
294,Het Klokhuis,77235.0,23HE,PO,Voldoende
295,"ntc De Olifant, Abidjan",,31BD,PO,Basistoezicht
296,NTC Quito,,28JU,PO,Voldoende
297,o.b.s. De Sterrenborgh,41565.0,17UH,PO,Voldoende
298,,41860.0,23ZM,PO,Geen eindoordeel
299,Basisschool Est (BRIN:,41561.0,12NU,PO,Voldoende
300,School De Pol [31TN],42825.0,31TN,PO,Zeer zwak
301,NTC-school Mishka in,,28LR,PO,Geen eindoordeel
302,Frans Naereboutschool,42610.0,15VN,PO,Goed
303,Obs Het Slingertouw 27RK,41573.0,27RK,PO,Voldoende
304,obs De Tandem,41780.0,10CO,PO,Voldoende
305,sbo De Boemerang,41616.0,20QG,PO,Geen eindoordeel
306,"OJBS De Ieme, 23VU",75388.0,23VU,PO,Onvoldoende
307,,41545.0,14DZ,PO,Geen eindoordeel
308,LanguageOne Singapore PO,,30JD,PO,Onvoldoende
309,De Kleine Wereld,47100.0,13WR,PO,Geen eindoordeel
310,,35466.0,10YH,PO,Onvoldoende
311,Prins Mauritsschool (10WI|C1),26613.0,10WI,PO,Goed
312,Petrusschool 03PQ|C1,40928.0,03PQ,PO,Voldoende
313,"OBS Het Pluspunt,",41444.0,16NZ,PO,Geen eindoordeel
314,ntc Arusha-Moshi,,28JP,PO,Onvoldoende
315,De Nederlandse school,,28HC,PO,Voldoende
316,"Panta Rhei, BRIN 07QO",40888.0,07QO,PO,Voldoende
317,,41632.0,06RU,PO,Geen eindoordeel
318,,40114.0,13NH,PO,Voldoende
319,07BO|C1,41692.0,07BO,PO,Zeer zwak
320,,41493.0,32BW,PO,Geen eindoordeel
321,cbs De Kleine Wereld,69669.0,18BM,PO,Geen eindoordeel
322,,42538.0,21QT,PO,Onvoldoende
323,nbbs Vlinderbos,40281.0,24PU,PO,Voldoende
324,Vrije School Brabant,41246.0,21NB,PO,Geen eindoordeel
325,,42828.0,14VP,PO,Geen eindoordeel
326,nieuwkomersvoorziening,41461.0,18RA,PO,Geen eindoordeel
327,De Nederlandse school,,28HB,PO,Voldoende
328,Basisschool De Vlasbloem,41570.0,14FR,PO,Goed
329,De Vaarboom,,30FE,PO,Voldoende
330,OBS De Vogelaar,41816.0,18EO,PO,Voldoende
331,The Dutch Stream of St.,,28JT,PO,Voldoende
332,,41638.0,18LZ,PO,Voldoende
333,Openbare Daltonschool,41871.0,12HZ,PO,Geen eindoordeel
334,Edufax,,28PZ,PO,Geen eindoordeel
335,NTC La Moraleja,,28GH,PO,Basistoezicht
336,,60997.0,16FW,PO,Geen eindoordeel
337,,29810.0,11IP,PO,Geen eindoordeel
338,04FI-C1 Prinses Julianaschool,74531.0,04FI,PO,Goed
339,"IKC De Duinvlinder, 31DV",40950.0,31DV,PO,Zeer zwak
340,De Kiezel - 06LY,26977.0,06LY,PO,Goed
341,Spitsbergen,41616.0,17MD,PO,Geen eindoordeel
342,obs Juliana van Stolberg,41191.0,11SK,PO,Onvoldoende
343,Venlose Montessorischool,41167.0,03AH,PO,Geen eindoordeel
344,,41860.0,08DM,PO,Voldoende
345,basisschool St. Jozef 04JV,40557.0,04JV,PO,Goed
346,29XG|C2 Rivers International,41645.0,29XG,PO,Geen eindoordeel
347,"OBS Meerburgh, locatie",41390.0,15PJ,PO,Onvoldoende
348,De Kraanvogel,,28MR,PO,Voldoende
349,Holland International School,,28GE,PO,Voldoende
350,Willem Alexanderschool,85476.0,20HM,PO,Voldoende
351,1e Montessorischool Alkmaar,41364.0,Unnamed_School,PO,Geen eindoordeel
352,R.K. Basisschool De Hoge,43825.0,03SB,PO,Goed
353,,41228.0,03HA,PO,Voldoende
354,,71488.0,15YG,PO,Voldoende
355,obs Brunwerd (12ED),41261.0,12ED,PO,Voldoende
356,,41251.0,16DY,PO,Geen eindoordeel
357,Stichting Nederlands,,28HV,PO,Voldoende
358,RKBS De Achtsprong,40377.0,15ZD,PO,Geen eindoordeel
359,,71488.0,15HB,PO,Geen eindoordeel
360,IKC de Wereldwijzer 12JX|C2,41518.0,12JX,PO,Geen eindoordeel
361,Dutch Cultural Society-De,,28GN,PO,Voldoende
362,"IKC Regenboog, 10ZN",75388.0,10ZN,PO,Zeer zwak
363,,41460.0,11YE,PO,Voldoende
364,kindcentrum De Vuurvogel,42719.0,15KJ,PO,Voldoende
365,Nederlandse taal- en,,31MK,PO,Voldoende
366,Stichting NTC British,,28PJ,PO,Voldoende
367,Montessori Kindcentrum,41850.0,16NS,PO,Voldoende
368,"De Eigen Wijs, 31FM",42751.0,31FM,PO,Zeer zwak
369,Julianaschool (10RS),42561.0,10RS,PO,Voldoende
370,,41775.0,13QN,PO,Voldoende
371,"De Kleine Weide, 06WH-C1",41228.0,06WH,PO,Voldoende
372,OBS Harry Bannink,41565.0,17NH,PO,Geen eindoordeel
373,,41008.0,14VQ,PO,Geen eindoordeel
374,Nederlandse taal- en,,31EL,PO,Voldoende
375,SBO De Tender,41438.0,11HX,PO,Voldoende
376,,41127.0,05SF,PO,Voldoende
377,Stichting Nederlands,,28FM,PO,Voldoende
378,obs de Fontein,42514.0,15WW,PO,Geen eindoordeel
379,Nederlandse school - Ghana,,28HA,PO,Geen eindoordeel
380,NTC-po Oranje-Dijkschool,,28FC,PO,Geen eindoordeel
381,De Toren 08MJ|C1,41782.0,08MJ,PO,Onvoldoende
382,Pieter Bas (16FT-C1),24597.0,16FT,PO,Onvoldoende
383,Kindcentrum Bekkers (08ZE),41023.0,08ZE,PO,Voldoende
384,o.b.s. Hendrik Wester,41613.0,11GF,PO,Geen eindoordeel
385,De Regenboog 13ZY,20281.0,13ZY,PO,Voldoende
386,Eerste opvangonderwijs POL,41645.0,19US,PO,Goed
387,,41794.0,13VS,PO,Voldoende
388,De Nederlandse school,,28LA,PO,Voldoende
389,c.b.s. de Ster,42607.0,05OZ,PO,Voldoende
390,CBS De Wiekslag - 06RL,42855.0,06RL,PO,Voldoende
391,SBO de Diekmaat 19WC/C1,41413.0,19WC,PO,Voldoende
392,De Nieuwe Kring (04FD),81316.0,04FD,PO,Onvoldoende
393,,40378.0,19BJ,PO,Geen eindoordeel
394,De IJsvogel,,28RM,PO,Onvoldoende
395,19RA SBO De Delta,41414.0,19RA,PO,Voldoende
396,,41633.0,06CX,PO,Voldoende
397,De Lettertuin,40950.0,24UN,PO,Voldoende
398,,40377.0,14YX,PO,Geen eindoordeel
399,Al Andalous (30WY),30725.0,30WY,PO,Voldoende
400,,41856.0,14HD,PO,Geen eindoordeel
401,,42818.0,16DZ,PO,Voldoende
402,Antonius (03UN),42828.0,03UN,PO,Voldoende
403,SBO De Toekomst - 04DY,30582.0,04DY,PO,Goed
404,,42847.0,32AW,PO,Geen eindoordeel
405,NTC De Tulp,,28FA,PO,Voldoende
406,NTC Firenze,,30NP,PO,Basistoezicht
407,De Esdoorn,,31KC,PO,Geen eindoordeel
408,Ariënsschool,77195.0,15DK,PO,Geen eindoordeel
409,Stichting Nederlandse School,,30TP,PO,Geen eindoordeel
410,"Basisschool met de Bijbel ""De",40862.0,13TR,PO,Voldoende
411,De Driesprong 12XY,41816.0,12XY,PO,Voldoende
412,OBS 't Schrijverke (08DM),41860.0,08DM,PO,Voldoende
413,RKBS Octopus,40517.0,16FL,PO,Voldoende
414,Kindcentrum De Lichtbaak,32073.0,11KN,PO,Onvoldoende
415,,41528.0,06FO,PO,Voldoende
416,,41561.0,18LE,PO,Goed
417,Immanuëlschool.,82785.0,09BP,PO,Geen eindoordeel
418,cbs De Schepershoek,41138.0,05MT,PO,Voldoende
419,,41638.0,08DI,PO,Geen eindoordeel
420,Nederlandse taal- en,,31EL,PO,Voldoende
421,De Nederlandse school,,28HB,PO,Voldoende
422,Montessorischool,41774.0,28BA,PO,Goed
423,De Grundel,42552.0,16KA,PO,Geen eindoordeel
424,,41481.0,08EN,PO,Voldoende
425,Stichting Nederlands,,31DT,PO,Basistoezicht
426,Leeuwenhartschool 06UQ,61960.0,06UQ,PO,Voldoende
427,De Finnjol (16NU),42552.0,16NU,PO,Onvoldoende
428,,41663.0,20VU,PO,Geen eindoordeel
429,r.k.basisschool De Schelp,45000.0,05DQ,PO,Voldoende
430,OBS Jan Ligthart 10EJ,41371.0,10EJ,PO,Onvoldoende
431,,,28TC,PO,Onvoldoende
432,Daltonbasisschool De,47920.0,03VB,PO,Voldoende
433,BS De Opstap (10GZ|C2),31384.0,10GZ,PO,Geen eindoordeel
434,,41735.0,14LR,PO,Voldoende
435,Het Mozaïek,60985.0,15IR,PO,Zeer zwak
436,IKC Klimboom - 16GD|C2,41390.0,16GD,PO,Geen eindoordeel
437,De BibeleBonnseBergschool,,28EK,PO,Geen eindoordeel
438,,41572.0,19WO,PO,Geen eindoordeel
439,,42623.0,11AM,PO,Voldoende
440,,41483.0,12QD,PO,Voldoende
441,,40114.0,27XH,PO,Geen eindoordeel
442,"Palmenhof, 07ZN|C1",42653.0,07ZN,PO,Voldoende
443,o.b.s. De Ommewending,41780.0,Unnamed_School,PO,Geen eindoordeel
444,"NTC-school De Brug,",,30HU,PO,Geen eindoordeel
445,TOV (12PA-C1),82785.0,12PA,PO,Voldoende
446,o.b.s. De Ynset,41573.0,15OR,PO,Voldoende
447,Grosthuizerschool,41421.0,13BR,PO,Geen eindoordeel
448,Helen Parkhurst,41572.0,17FE,PO,Geen eindoordeel
449,,41434.0,09ES,PO,Geen eindoordeel
450,Stichting Nederlands,,31DT,PO,Basistoezicht
451,,41611.0,08CP,PO,Geen eindoordeel
452,IKC De Watersnip - 16CC|C1,41390.0,16CC,PO,Zeer zwak
453,,40888.0,04ZO,PO,Voldoende
454,,41434.0,16HK,PO,Geen eindoordeel
455,,41775.0,32BM,PO,Geen eindoordeel
456,basisschool De Lochtenbergh,40971.0,10EZ,PO,Voldoende
457,,41813.0,11ZL,PO,Voldoende
458,,,29TX,PO,Voldoende
459,,30883.0,23HR,PO,Voldoende
460,c.b.s. De Marke (06LV|C1),32073.0,06LV,PO,Voldoende
461,Stichting ntc-onderwijs,,28JY,PO,Voldoende
462,Basisschool Het Beekdal,41001.0,04LK,PO,Voldoende
463,,41516.0,20TN,PO,Voldoende
464,,50129.0,07PM,PO,Voldoende
465,'t Schrijverke,40950.0,13IP,PO,Voldoende
466,Vrije School De Kleine Prins,77456.0,03AI,PO,Voldoende
467,"cbs De Duif, 13PG|C1",41639.0,13PG,PO,Onvoldoende
468,Godfried Bomansschool,40928.0,11LE,PO,Goed
469,De Klankhof,41001.0,11MC,PO,Voldoende
470,basisschool De Nieuwe Link,41228.0,24TA,PO,Geen eindoordeel
471,Chr. Basisschool en Opvang,41270.0,Unnamed_School,PO,Geen eindoordeel
472,c.b.s. Het Kompas,32073.0,11VZ,PO,Geen eindoordeel
473,De Planthof (03KT),41632.0,03KT,PO,Voldoende
474,,41895.0,11GK,PO,Voldoende
475,LanguageOne Genève,,28NM,PO,Voldoende
476,Nederlandse Taal en Cultuur,,28HU,PO,Voldoende
477,"Het Startpunt, 17PJ",41572.0,17PJ,PO,Goed
478,"A.S. Talmaschool Rotterdam,",41071.0,05SR,PO,Geen eindoordeel
479,Jenaplanschool 't Sterrenpad,45000.0,04OE,PO,Voldoende
480,,71956.0,06YO,PO,Goed
481,,61751.0,13FI,PO,Geen eindoordeel
482,M. L. King,41853.0,16KG,PO,Voldoende
483,,42683.0,23AL,PO,Voldoende
484,'t Carrousel,41434.0,16BZ,PO,Geen eindoordeel
485,,40714.0,04QH,PO,Geen eindoordeel
486,18MM OBS De Hoekstee,41868.0,18MM,PO,Geen eindoordeel
487,Association Ecole de la,,28NP,PO,Voldoende
488,,41400.0,28BC,PO,Voldoende
489,OBS De Toekomst 20SL|C1,41579.0,20SL,PO,Voldoende
490,22NL|C1 Vrijeschool,41246.0,22NL,PO,Onvoldoende
491,The Netherlands,,28FV,PO,Voldoende
492,,41775.0,20RV,PO,Voldoende
493,ntc de Leeuwenbekjes,,28MP,PO,Voldoende
494,04EC|C1 Rudolf Steiner,41246.0,04EC,PO,Voldoende
495,,41471.0,32BV,PO,Geen eindoordeel
496,Burgemeester van,73191.0,19LV,PO,Onvoldoende
497,obs De Sterrensteen,42510.0,17AH,PO,Voldoende
498,An Nasr,40400.0,27PR,PO,Geen eindoordeel
499,Openbare basisschool De,41561.0,13BU,PO,Geen eindoordeel
500,,77235.0,09VH,PO,Geen eindoordeel
501,SBO Elsenburg,41441.0,18SG,PO,Voldoende
502,De Windroos,58761.0,19NE,PO,Geen eindoordeel
503,NTC International Bilingual,,29WY,PO,Onvoldoende
504,,42540.0,05PX,PO,Geen eindoordeel
505,,38001.0,12WN,PO,Onvoldoende
506,O.b.s. de Klaverwoid,41421.0,12ES,PO,Voldoende
507,,41852.0,28AG,PO,Onvoldoende
508,De Oosterburcht,41557.0,09FO,PO,Geen eindoordeel
509,,40389.0,24ZH,PO,Geen eindoordeel
510,,41820.0,32CA,PO,Geen eindoordeel
511,De Meander,41792.0,15LV,PO,Geen eindoordeel
512,Basisschool De Wegwijzer,86464.0,07ZE,PO,Onvoldoende
513,PCBS Margriet,76819.0,14HZ,PO,Voldoende
514,Het Kleurrijk,47100.0,12JY,PO,Voldoende
515,,41662.0,10AS,PO,Onvoldoende
516,de Einsteinschool (19CD-C1),41579.0,19CD,PO,Onvoldoende
517,,,28LL,PO,Voldoende
518,o.b.s. Letterwies,41613.0,00BB,PO,Geen eindoordeel
519,o.b.s. De Opstap (18FY),41571.0,18FY,PO,Voldoende
520,,41516.0,03JL,PO,Voldoende
521,Stichting Nederlands,,28JL,PO,Voldoende
522,,41850.0,16NS,PO,Voldoende
523,NTC Erasmus,,30EK,PO,Onvoldoende
524,'t Klokhuis Chicago,,28KT,PO,Basistoezicht
525,,40803.0,16UQ,PO,Voldoende
526,OBS De Kolibrie 18WN,41494.0,18WN,PO,Voldoende
527,,,28HN,PO,Voldoende
528,,41535.0,15EQ,PO,Geen eindoordeel
529,,42552.0,16GB,PO,Geen eindoordeel
530,IBS Aïsha (31ML|C1),41863.0,31ML,PO,Voldoende
531,Het Talent (27LH),29810.0,27LH,PO,Goed
532,De Molenwerf 13AQ-C2,41876.0,13AQ,PO,Geen eindoordeel
533,Koningin Maximaschool te,,30WE,PO,Voldoende
534,basisschool De,42610.0,15LA,PO,Geen eindoordeel
535,,42600.0,14PU,PO,Voldoende
536,,72100.0,06UW,PO,Geen eindoordeel
537,De Jenaplanschool,59750.0,03ZB,PO,Voldoende
538,De Nederlandse School of,,30YJ,PO,Voldoende
539,,41441.0,14MR,PO,Geen eindoordeel
540,CBS de Koning (13TB|C1),24844.0,13TB,PO,Voldoende
541,SBO de Windroos - 13PM|C1,75219.0,13PM,PO,Goed
542,"Klaver-Heijplaat, 12WT|C2",47595.0,12WT,PO,Geen eindoordeel
543,"Kindcentrum Theresia, 19AS",40378.0,19AS,PO,Voldoende
544,Evangelische Basisschool,40189.0,24ZK,PO,Onvoldoende
545,p.c.b.s. Ploos van Amstel,40788.0,04KT,PO,Geen eindoordeel
546,openbare basisschool,41633.0,07GC,PO,Goed
547,IKC De Werf (07NT),45059.0,07NT,PO,Voldoende
548,"09EI, OBS De Krullevaar",41435.0,09EI,PO,Voldoende
549,,40676.0,27YP,PO,Geen eindoordeel
550,CB de Zwaluw (05KX|C1),41551.0,05KX,PO,Onvoldoende
551,Rk basisschool De,28849.0,09KD,PO,Voldoende
552,Duynvaerder,41858.0,15RP,PO,Geen eindoordeel
553,ntc Berlijn primair onderwijs,,28HZ,PO,Voldoende
554,Samenwerkingsschool De,41571.0,13XX,PO,Voldoende
555,Cees Wilkeshuisschool,41862.0,15LC,PO,Geen eindoordeel
556,LanguageOne Online,,31FZ,PO,Geen eindoordeel
557,,41000.0,03VL,PO,Geen eindoordeel
558,,20243.0,06DN,PO,Geen eindoordeel
559,De Regenboog 12PC,40874.0,12PC,PO,Voldoende
560,De Ontdekkingsreis,41496.0,29XZ,PO,Geen eindoordeel
561,,,28NR,PO,Voldoende
562,,40775.0,07RH,PO,Geen eindoordeel
563,basisschool De Springplank,41471.0,18DT,PO,Goed
564,Shri Vishnu School 22MH,30709.0,22MH,PO,Onvoldoende
565,k.c.b.s. De Banier,45000.0,06QH,PO,Voldoende
566,R.K. basisschool St. Liduina,41398.0,Unnamed_School,PO,Geen eindoordeel
567,OBS De Akkers,41775.0,18TM,PO,Geen eindoordeel
568,NTC-school Karlsruhe,,28EC,PO,Voldoende
569,Vrijeschool Parcival (06QY),94433.0,06QY,PO,Onvoldoende
570,Openbare Dalton Basisschool,41371.0,18MY,PO,Geen eindoordeel
571,,42833.0,31VU,PO,Onvoldoende
572,,41792.0,15LV,PO,Geen eindoordeel
573,"De Leest 18EJ|C2, per",41869.0,18EJ,PO,Geen eindoordeel
574,,42561.0,14YB,PO,Voldoende
575,Basisschool De Hoeksteen,75375.0,04YU,PO,Geen eindoordeel
576,De Panda,41400.0,17RK,PO,Geen eindoordeel
577,,40967.0,16ZO,PO,Geen eindoordeel
578,Het Visnet,41621.0,05NU,PO,Geen eindoordeel
579,LanguageOne Kuala Lumpur,,28JC,PO,Voldoende
580,,41630.0,18NC,PO,Geen eindoordeel
581,c.b.s. De Springplanke,40788.0,15BP,PO,Geen eindoordeel
582,,41538.0,08HM,PO,Onvoldoende
583,Vreewijkschool,47595.0,14FC,PO,Voldoende
584,,41565.0,03BS,PO,Voldoende
585,Montessorischool Landsmeer,40586.0,03PS,PO,Zeer zwak
586,CBS Koningin,27340.0,07IZ,PO,Voldoende
587,Jozefschool (31KB),41023.0,31KB,PO,Zeer zwak
588,Ntc De Oranje Klomp,,29VP,PO,Voldoende
589,Jenaplanschool Vlaardingen,59750.0,03ZB,PO,Voldoende
590,Samenwerkingsbasisschool,45000.0,00FI,PO,Voldoende
591,Het Kraaiennest,,28JR,PO,Voldoende
592,,,31HJ,PO,Voldoende
593,Montessorischool De,40558.0,16BD,PO,Zeer zwak
594,ntc Zenon,,28LF,PO,Voldoende
595,Brede School Overdinkel,24844.0,07BX,PO,Onvoldoende
596,Basisschool Prins Willem-,41561.0,13MM,PO,Geen eindoordeel
597,,40389.0,27PC,PO,Geen eindoordeel
598,De Marshof,42623.0,15YR,PO,Voldoende
599,o.b.s. De Opslach,41693.0,Unnamed_School,PO,Geen eindoordeel
600,,24715.0,32AN,PO,Geen eindoordeel
601,basisschool Uniek,31017.0,06IS,PO,Goed
602,17JP|C1 Basisschool Op de,41797.0,17JP,PO,Geen eindoordeel
603,Emmaschool,40774.0,10MZ,PO,Goed
604,,41626.0,15XK,PO,Zeer zwak
605,De Driemaster 07ZC|C1,74531.0,07ZC,PO,Goed
606,"Kindcentrum De Vlechter,",40706.0,21NN,PO,Geen eindoordeel
607,De Nederlandstalige school in,,28GJ,PO,Geen eindoordeel
608,,41566.0,13QS,PO,Geen eindoordeel
609,o.b.s. Villa Kakelbont (12UZ),42557.0,12UZ,PO,Voldoende
610,cbs Spring! (17JL),42540.0,17JL,PO,Voldoende
611,LanguageOne Online,,31FZ,PO,Geen eindoordeel
612,AB bs Meander 06CK-C1,41516.0,06CK,PO,Goed
613,Stichting Nederlands,,30WL,PO,Onvoldoende
614,OBDS Het Stroink (17QA),41565.0,17QA,PO,Onvoldoende
615,CBS Het Talent (04LP),83228.0,04LP,PO,Goed
616,KC Het Oude Westen,41071.0,08GN,PO,Geen eindoordeel
617,Schakelklas Neveninstromers,73712.0,12HC,PO,Geen eindoordeel
618,o.b.s. De Runde,42830.0,17BC,PO,Voldoende
619,Nieuwe Regentesseschool,71502.0,06UD,PO,Voldoende
620,Prins Hendrikschool 08UW,42616.0,08UW,PO,Voldoende
621,OBS De Kameleon 11JR|C1,40278.0,11JR,PO,Voldoende
622,r.k.b.s. St. Joseph Zandberg,45000.0,05DB,PO,Voldoende
623,basisschool De Schalm,75597.0,03VH,PO,Voldoende
624,cbs Willem Alexander,85476.0,20HM,PO,Voldoende
625,kindcentrum De Vuurvogel,42719.0,15KJ,PO,Voldoende
626,,31384.0,11XQ,PO,Geen eindoordeel
627,Jacobusschool 16KS|C3,24597.0,16KS,PO,Geen eindoordeel
628,Het Schateiland,77195.0,15RL,PO,Geen eindoordeel
629,De Rank,40974.0,09YQ,PO,Basistoezicht
630,,40540.0,12WU,PO,Geen eindoordeel
631,Chr. Basisschool De,41454.0,07LZ,PO,Goed
632,It Werflân,41735.0,16HM,PO,Voldoende
633,OBS Ten Darperschoele,41868.0,19KK,PO,Onvoldoende
634,,77195.0,15MP,PO,Geen eindoordeel
635,NTC De Madelief,,31BC,PO,Voldoende
636,SBO de Da Vinci 19WC/C2,41413.0,19WC,PO,Voldoende
637,,40812.0,15JW,PO,Voldoende
638,School of Understanding,41663.0,20VP,PO,Geen eindoordeel
639,OBS De Kroosduiker,41852.0,18VM,PO,Zeer zwak
640,basisschool Klein Amsterdam,42769.0,31JM,PO,Zeer zwak
641,obs De Cirkel 16BL-C1,41400.0,16BL,PO,Onvoldoende
642,De Trinoom,24597.0,26AF,PO,Geen eindoordeel
643,IKC De Gaerde 15MU,41390.0,15MU,PO,Onvoldoende
644,,,28RA,PO,Voldoende
645,Integraal Kindcentrum Hei en,42767.0,31JL,PO,Voldoende
646,,74049.0,31JG,PO,Voldoende
647,Odyssee,41676.0,Unnamed_School,PO,Geen eindoordeel
648,De Alpentulp,,30XW,PO,Voldoende
649,Dutch Lessons NIST at the,,28RU,PO,Voldoende
650,,41825.0,04CN,PO,Voldoende
651,Rkbs Gerardus Majella,77975.0,08ND,PO,Geen eindoordeel
652,Primair onderwijs Dutch,,28JZ,PO,Voldoende
653,De Regenboog,42596.0,07XY,PO,Voldoende
654,,42540.0,05RY,PO,Voldoende
655,De Witte Vlinder,41645.0,19OM,PO,Voldoende
656,Brede School Kwintijn,41491.0,18PJ,PO,Geen eindoordeel
657,basisschool BoschAkker,40378.0,05LL,PO,Voldoende
658,,40848.0,07CY,PO,Geen eindoordeel
659,IVIO Wereldschool,,21QS,PO,Voldoende
660,c.b.s. de Opdracht 03XI|C1,84332.0,03XI,PO,Goed
661,,41850.0,16ZB,PO,Voldoende
662,12VV De Wielewaal,41561.0,12VV,PO,Onvoldoende
663,,41438.0,18SE,PO,Voldoende
664,NTC Panaga School,,28EW,PO,Voldoende
665,Openbare Basisschool 't,41813.0,23RR,PO,Voldoende
666,De Bosbouwers,42683.0,11LI,PO,Geen eindoordeel
667,Kindcentrum Het Visnet,41338.0,17PH,PO,Onvoldoende
668,Gereformeerde Basisschool,41624.0,06MY,PO,Zeer zwak
669,R.K. basisschool St.,23961.0,05CC,PO,Geen eindoordeel
670,obs De Westhoek,42554.0,18UV,PO,Geen eindoordeel
671,,40378.0,19QB,PO,Geen eindoordeel
672,06CS-C2 Basisschool,40971.0,06CS,PO,Voldoende
673,NTC Marmaris,,29VB,PO,Geen eindoordeel
674,,27910.0,08NX,PO,Voldoende
675,,41226.0,15QM,PO,Voldoende
676,De Nederlandse School Parijs,,30YJ,PO,Voldoende
677,Basisschool De Windroos,23128.0,08UP,PO,Voldoende
678,,77456.0,06ZK,PO,Geen eindoordeel
679,basisschool De Stelberg,41071.0,24PA,PO,Goed
680,Obs Dolfijn (08EO|C1),41496.0,08EO,PO,Voldoende
681,Nederlandse School Maputo,,28FT,PO,Voldoende
682,Openbare Basisschool De,41527.0,18JF,PO,Goed
683,"OBS De Kroosduiker, 18VM",41852.0,18VM,PO,Zeer zwak
684,Openbare basisschool De,41570.0,13JH,PO,Goed
685,,41248.0,26PL,PO,Voldoende
686,"Het Zwanenbos, 15UC|C1",41390.0,15UC,PO,Onvoldoende
687,De Kikkertjes,,28JD,PO,Voldoende
688,,,30YM,PO,Onvoldoende
689,,,30MP,PO,Voldoende
690,Nederlandse taal- en,,31MK,PO,Voldoende
691,IVIO-Wereldschool,,21QS,PO,Voldoende
692,De Nederlandse School,,28MG,PO,Voldoende
693,Montessorischool 't Ronde,79835.0,07BC,PO,Voldoende
694,O.b.s. dr. Theun de Vries,41492.0,10UW,PO,Goed
695,KC Ontdekrijk,41545.0,14JK,PO,Zeer zwak
696,"De Lonneboot, 14MT|C2",42610.0,14MT,PO,Geen eindoordeel
697,,,28KJ,PO,Voldoende
698,'t Praathuis 12EA,41876.0,12EA,PO,Onvoldoende
699,Nederlandse School,,30JG,PO,Voldoende
700,Pniëlschool,47595.0,16UW,PO,Voldoende
701,,41645.0,03VP,PO,Voldoende
702,sbo De Leilinde (23DC),40681.0,23DC,PO,Voldoende
703,De Luithorst (09TG),29810.0,09TG,PO,Voldoende
704,,42540.0,17MX,PO,Voldoende
705,,42567.0,09ZU,PO,Onvoldoende
706,Nederlandse afdeling van het,,31BA,PO,Voldoende
707,De Vrije School Den Haag -,95785.0,05WB,PO,Onvoldoende
708,,42869.0,32BY,PO,Geen eindoordeel
709,Het Avontuur (18JL),42623.0,18JL,PO,Voldoende
710,St. Gerardus Majella,45000.0,03ON,PO,Voldoende
711,Nederlandse school Taipei,,28GL,PO,Voldoende
712,Basisschool De Kruidenhoek,41775.0,17OJ,PO,Voldoende
713,Jac. P. Thijsseschool (18RR),79874.0,18RR,PO,Voldoende
714,kindercampus TrioMundo,42623.0,26AA,PO,Zeer zwak
715,,75219.0,12TE,PO,Geen eindoordeel
716,,41674.0,18YU,PO,Voldoende
717,De Toermalijn (24BE),41869.0,24BE,PO,Goed
718,IKC Prinses Juliana (07IH),30582.0,07IH,PO,Voldoende
719,De Klimroos,41778.0,12IY,PO,Geen eindoordeel
720,SBO Rehoboth Ochten,84515.0,01ST,PO,Onvoldoende
721,"De Sleutel, afdeling",47595.0,16YB,PO,Geen eindoordeel
722,,41851.0,11HH,PO,Geen eindoordeel
723,ntc school primair onderwijs,,28PY,PO,Voldoende
724,"Basisschool De Atlas, locatie",41461.0,13AO,PO,Voldoende
725,De Regenboogschool,41646.0,03TJ,PO,Goed
726,sbo Van der Reijdenschool,62129.0,08CG,PO,Voldoende
727,,41001.0,12WE,PO,Geen eindoordeel
728,De Klaver-Heijplaat,47595.0,12WT,PO,Geen eindoordeel
729,Al Qalam (27YG),31118.0,27YG,PO,Goed
730,,37663.0,08LM,PO,Voldoende
731,NTC De Taaltuin,,28PF,PO,Voldoende
732,,40947.0,07NR,PO,Voldoende
733,Kindercampus de Statenschool,41518.0,18VN,PO,Voldoende
734,,41780.0,19TV,PO,Geen eindoordeel
735,basisschool Flora,27910.0,10FY,PO,Voldoende
736,Netherlands School Society,,28FN,PO,Voldoende
737,,47920.0,03UY,PO,Geen eindoordeel
738,Nederlandse School,,31JU,PO,Voldoende
739,,24597.0,31WF,PO,Geen eindoordeel
740,,41633.0,07GC,PO,Goed
741,Stichting Nederlands,,30WL,PO,Onvoldoende
742,,41001.0,05OM,PO,Geen eindoordeel
743,Dutch Cultural Society-De,,28GN,PO,Voldoende
744,De Spreng,41345.0,12TO,PO,Voldoende
745,De Nederlandse afdeling van,,28FG,PO,Voldoende
746,Het Kleurenorkest (30KN),73919.0,30KN,PO,Zeer zwak
747,ODS Prinses Margriet (11HS),41630.0,11HS,PO,Onvoldoende
748,Nederlandse School Tanzania,,28GM,PO,Voldoende
749,,41345.0,13JJ,PO,Voldoende
750,Basisschool de Plakkenberg,42828.0,03QA,PO,Onvoldoende
751,ntc De Oranje Leeuw,,28RP,PO,Voldoende
752,"Pieter de Jongschool, locatie",40812.0,22JD,PO,Geen eindoordeel
753,De Appel (17FR),74154.0,17FR,PO,Geen eindoordeel
754,,,28EN,PO,Voldoende
755,Schakelklassen basisschool Sint,48348.0,06XO,PO,Geen eindoordeel
756,De Nederlandse school,,28LA,PO,Voldoende
757,Dr. J.P. Thijsse,41858.0,14LQ,PO,Geen eindoordeel
758,o.b.s. 't Heidemeer,42761.0,15RT,PO,Geen eindoordeel
759,Basisschool De Bundel,41616.0,23RY,PO,Voldoende
760,OBS 't Prisma,41775.0,19DN,PO,Geen eindoordeel
761,NTC De Trekvogel te,,28KH,PO,Voldoende
762,Johannes Looijengaskoalle,42852.0,07MY,PO,Goed
763,obs Jan Lighthart,41572.0,19UK,PO,Geen eindoordeel
764,Casaschool 30KD|C1,42579.0,30KD,PO,Goed
765,,41829.0,08TM,PO,Voldoende
766,De Prinsenhof 01FJ,72464.0,01FJ,PO,Voldoende
767,Veldzijde,40903.0,06IY,PO,Geen eindoordeel
768,,41338.0,17IY,PO,Geen eindoordeel
769,School met de Bijbel - Emst,84215.0,05NW,PO,Geen eindoordeel
770,Cbs De Praom,41551.0,04RO,PO,Geen eindoordeel
771,"Rehobothschool, 05OF",41439.0,05OF,PO,Goed
772,Wereldwijs (18ZL),41716.0,18ZL,PO,Goed
773,basisschool Dierdonk,30240.0,25KH,PO,Geen eindoordeel
774,PCBS De Driemaster,74531.0,07ZC,PO,Goed
775,OBS Het Vogelnest,41527.0,10CR,PO,Geen eindoordeel
776,,58826.0,07RC,PO,Geen eindoordeel
777,OBS Hagen,41371.0,12NX,PO,Geen eindoordeel
778,De Regenboog,40971.0,09JP,PO,Voldoende
779,Misha de Vriesschool,42804.0,31PW,PO,Onvoldoende
780,SBO de Vlinder 06RV,41071.0,06RV,PO,Onvoldoende
781,,61751.0,12TB,PO,Geen eindoordeel
782,,24597.0,17ZI,PO,Geen eindoordeel
783,Prins Willem,30010.0,08TE,PO,Geen eindoordeel
784,De Vlieger,41516.0,11LL,PO,Geen eindoordeel
785,,41735.0,14LR,PO,Voldoende
786,Stichting NTC-Bali,,28RB,PO,Voldoende
787,De Nederlandse School,,28LA,PO,Voldoende
788,Montessorischool Apollo -,42504.0,15IC,PO,Voldoende
789,Islamitische basisschool El,31076.0,24ZE,PO,Onvoldoende
790,,75753.0,32BT,PO,Geen eindoordeel
791,Obs Het Palet (17NS),41565.0,17NS,PO,Voldoende
792,,41401.0,10EC,PO,Voldoende
793,CBS Tamim - 30 JP,30013.0,21PO,PO,Basistoezicht
794,Daltonschool Elst,41461.0,12UA,PO,Voldoende
795,'t Startblok (11HD-C2),41886.0,11HD,PO,Geen eindoordeel
796,De Springplank,,28LT,PO,Voldoende
797,OBS Wereldwijzer,77235.0,24MK,PO,Geen eindoordeel
798,Ojs de Bieshaar 16HT|C1,41514.0,16HT,PO,Voldoende
799,,42552.0,16CA,PO,Onvoldoende
800,obs Garmerwolde (09DP),41574.0,09DP,PO,Onvoldoende
801,CSBO Bergkristal 03AF-C1,74531.0,03AF,PO,Goed
802,,40903.0,05AT,PO,Geen eindoordeel
803,Nieuweschool,47959.0,06AN,PO,Voldoende
804,openbare basisschool Willem,41565.0,17RE,PO,Geen eindoordeel
805,o.b.s. De Driesprong (18NA),42557.0,18NA,PO,Voldoende
806,OBS De Klaeter (15KW),41631.0,15KW,PO,Voldoende
807,De Optimist,42552.0,16DM,PO,Voldoende
808,Het Zuiderlicht,42600.0,14FD,PO,Voldoende
809,NTC-school 'De Lachende,,30TW,PO,Voldoende
810,De Vonk - 05GH,43318.0,05GH,PO,Goed
811,"De Lisbloem, 03HD",40967.0,03HD,PO,Voldoende
812,"OBS De Regenboog,",41630.0,13FW,PO,Onvoldoende
813,NTC-school De,,28MP,PO,Voldoende
814,c.b.s Eben Haëzer (05RS),42540.0,05RS,PO,Zeer zwak
815,Openbare Basisschool Anne,41560.0,13RI,PO,Goed
816,,83280.0,07VS,PO,Geen eindoordeel
817,,45969.0,04UH,PO,Geen eindoordeel
818,22LW|C1,40945.0,22LW,PO,Voldoende
819,Nederlandse school De,,28PC,PO,Voldoende
820,Cbs Groen van Prinsterer,41551.0,07NY,PO,Voldoende
821,De Witte Vlinder (19OM),41645.0,19OM,PO,Voldoende
822,,41167.0,30AL,PO,Basistoezicht
823,LanguageOne Hong Kong,,28JX,PO,Voldoende
824,OBS De Carrousel,40662.0,14HT,PO,Geen eindoordeel
825,DOK12 (29XW-C1),71488.0,29XW,PO,Onvoldoende
826,NTC-school de Oranje,,28KV,PO,Voldoende
827,De Kraanvogel,,28MR,PO,Voldoende
828,,41778.0,12RI,PO,Geen eindoordeel
829,basisschool De Blieken,41444.0,12MN,PO,Geen eindoordeel
830,,10799.0,04JI,PO,Geen eindoordeel
831,OBS Kogerveld (19AX),41852.0,19AX,PO,Voldoende
832,De Nederlandse School Taipei,,28GL,PO,Voldoende
833,Christelijke basisschool De,40301.0,07MQ,PO,Goed
834,,40888.0,06YY,PO,Voldoende
835,09HB Het Nautilus,41571.0,09HB,PO,Voldoende
836,Dutch School Silicon Valley,,28NZ,PO,Voldoende
837,Eigen Wijs regulier (15KE),41850.0,15KE,PO,Voldoende
838,D.W. van Dam van,41633.0,06BX,PO,Voldoende
839,,41538.0,18LI,PO,Voldoende
840,De Blokstoeke,23128.0,09SG,PO,Geen eindoordeel
841,,68329.0,03YS,PO,Onvoldoende
842,basisschool De Tovertuin,83280.0,06YH,PO,Geen eindoordeel
843,ds. O.S.Cazemier (09YI),42744.0,09YI,PO,Voldoende
844,Stichting Nederlands,,28EY,PO,Voldoende
845,School met de Bijbel De,42632.0,05QU,PO,Geen eindoordeel
846,Rioranje School,,30TN,PO,Geen eindoordeel
847,o.b.s. De Sterrensteen (17AH),42510.0,17AH,PO,Voldoende
848,Stichting Nederlands,,28ME,PO,Voldoende
849,"Binnen de Veste, reguliere",41557.0,10DM,PO,Zeer zwak
850,,40706.0,09LF,PO,Geen eindoordeel
851,OBS De Piramide,41434.0,09ES,PO,Geen eindoordeel
852,Montessori Kindcentrum,42553.0,21AI,PO,Onvoldoende
853,Obs De Brug (18OY),41438.0,18OY,PO,Voldoende
854,Colégio Colonia Holandesa,,28HF,PO,Geen eindoordeel
855,SBO Michaëlschool,71488.0,00UI,PO,Goed
856,,42616.0,14ZA,PO,Voldoende
857,Basisschool De Schakel,,28KJ,PO,Voldoende
858,NTC- El Tulipan,,29RA,PO,Geen eindoordeel
859,Inova (00DO),41775.0,00DO,PO,Voldoende
860,Montinischool (17WX),69447.0,17WX,PO,Onvoldoende
861,CBS De Bron,40788.0,13CV,PO,Voldoende
862,"Basisschool De Waayer,",41876.0,13XN,PO,Geen eindoordeel
863,,42709.0,18LQ,PO,Geen eindoordeel
864,Openbare basisschool,42610.0,15VN,PO,Goed
865,"OBS De Meerburgh, locatie",41390.0,15PJ,PO,Onvoldoende
866,Rivierenwijk,42594.0,14KG,PO,Geen eindoordeel
867,Nieuwkomersvoorziening van,24597.0,17ZI,PO,Geen eindoordeel
868,,41419.0,12QC,PO,Geen eindoordeel
869,,41506.0,06XF,PO,Voldoende
870,Shri Ganesha (23FD),30709.0,23FD,PO,Voldoende
871,RKBS Paulo Freire,40278.0,06MJ,PO,Voldoende
872,,41261.0,03EI,PO,Voldoende
873,Nieuwkomersschool De,41674.0,19BA,PO,Onvoldoende
874,Karel Eykman School,40020.0,24BD,PO,Voldoende
875,,41886.0,09UA,PO,Voldoende
876,OBS De Vinckhuijsen 09RR|C1,41191.0,09RR,PO,Voldoende
877,OBS Stokkum (10BF),41785.0,10BF,PO,Zeer zwak
878,,30725.0,22NM,PO,Voldoende
879,Shanghai Dutch School (SDS),,30TU,PO,Geen eindoordeel
880,Roncalli,40812.0,15CO,PO,Voldoende
881,,38222.0,06IW,PO,Voldoende
882,,91079.0,05TF,PO,Voldoende
883,Openbare Basisschool,42514.0,15UP,PO,Goed
884,Stichting Nederlands in,,30YM,PO,Onvoldoende
885,,,28HD,PO,Geen eindoordeel
886,NTC-school de Rode Leeuw,,28RH,PO,Voldoende
887,,41565.0,17EV,PO,Geen eindoordeel
888,Eben Haëzerschool (03TD),46152.0,03TD,PO,Onvoldoende
889,NTC Quito,,28JU,PO,Voldoende
890,,41775.0,18VR,PO,Voldoende
891,Montessorischool De,41345.0,10CJ,PO,Onvoldoende
892,LanguageOne Singapore,,30JD,PO,Onvoldoende
893,,42567.0,09ZU,PO,Onvoldoende
894,ebs De Parel,40945.0,04KI,PO,Geen eindoordeel
895,,81316.0,27NP,PO,Voldoende
896,Evangelische Basisschool,40189.0,24ZK,PO,Onvoldoende
897,Edufax,,28PZ,PO,Geen eindoordeel
898,,85255.0,14AG,PO,Geen eindoordeel
899,NTC De Prater,,28GA,PO,Voldoende
900,De Badde (15FZ),41780.0,15FZ,PO,Zeer zwak
901,De Sleutel,41611.0,12MT,PO,Geen eindoordeel
902,"RKBS Sint Michaëlschool,",73919.0,04VH,PO,Onvoldoende
903,OBS De Wielerbaan (22NW),41565.0,22NW,PO,Onvoldoende
904,basisschool,43227.0,12EZ,PO,Voldoende
905,SWS De Sprang,40662.0,15ZC,PO,Geen eindoordeel
906,Montessorischool Anne,30847.0,23ED,PO,Zeer zwak
907,,32073.0,05TN,PO,Geen eindoordeel
908,obs Uilenspiegel 23TP,75388.0,23TP,PO,Voldoende
909,Master Sneek 13BQ|C1,41856.0,13BQ,PO,Zeer zwak
910,De Regenboog 09SW|C1,30582.0,09SW,PO,Goed
911,,32099.0,31WL,PO,Geen eindoordeel
912,"De Vuurvogel, 09PH",41246.0,09PH,PO,Voldoende
913,Vereniging,,28ED,PO,Voldoende
914,,74154.0,17CI,PO,Voldoende
915,OBDS De Meander,42552.0,16IV,PO,Voldoende
916,Kairos 09DD|C2,94433.0,09DD,PO,Geen eindoordeel
917,,41514.0,15WT,PO,Geen eindoordeel
918,,77235.0,06QF,PO,Geen eindoordeel
919,basisschool De Waai 05GK,48348.0,05GK,PO,Goed
920,De Jagersplas,41852.0,18ZI,PO,Voldoende
921,Montessori Maassluis,41226.0,23EF,PO,Voldoende
922,,41639.0,19CM,PO,Geen eindoordeel
923,Casimir,95655.0,Unnamed_School,PO,Goed
924,,41775.0,18LX,PO,Voldoende
925,OBS Het Mozaïek (10UK-C1),41638.0,10UK,PO,Voldoende
926,,42669.0,08KN,PO,Voldoende
927,o.b.s. De Dreske 17JD,42830.0,17JD,PO,Onvoldoende
928,c.b.s. De Wrâldpoarte,42754.0,09BV,PO,Geen eindoordeel
929,Taalschool Utrecht 17ZR|C3,62662.0,17ZR,PO,Voldoende
930,"De Vuurbaak, 23UT",41632.0,23UT,PO,Voldoende
931,OBS De Zwarm,41630.0,18OE,PO,Geen eindoordeel
932,"La Moraleja, ntc primair",,28GH,PO,Basistoezicht
933,Sterrenschool Hilversum,41493.0,19DM,PO,Geen eindoordeel
934,Waldorfschool Nesselande,24597.0,28CL,PO,Goed
935,"sbo Willem Alexanderschool,",41127.0,14SP,PO,Zeer zwak
936,PCBS De Rank,41528.0,06FO,PO,Voldoende
937,Jenaplanschool Heerde,41345.0,12CK,PO,Geen eindoordeel
938,Prinses Julianaschool,,02WF,PO,Voldoende
939,,41167.0,03AH,PO,Geen eindoordeel
940,De Höchte (15BT),41358.0,15BT,PO,Goed
941,De Rietgors (12EF),41566.0,12EF,PO,Onvoldoende
942,Kerst Zwart,41413.0,05YD,PO,Geen eindoordeel
943,Maria in Campisschool,45000.0,08XL,PO,Voldoende
944,o.b.s. Usquert,41261.0,03EI,PO,Voldoende
945,Katholieke Daltonschool,53860.0,18LM,PO,Geen eindoordeel
946,,30240.0,27JN,PO,Geen eindoordeel
947,,41775.0,19BE,PO,Voldoende
948,De Goede Herder,40950.0,13NU,PO,Geen eindoordeel
949,"Basisschool John F. Kennedy,",41518.0,18RJ,PO,Onvoldoende
950,TaleNT2 08ON-C3,50819.0,08ON,PO,Voldoende
951,Dutch School Silicon Valley,,28NZ,PO,Voldoende
952,Katholieke Jenaplanschool,41000.0,10FJ,PO,Voldoende
953,SBO De Wissel,82292.0,16OY,PO,Geen eindoordeel
954,"'t Nopje, Nederlands Onderwijs",,28HM,PO,Voldoende
955,NTC Bodrum de Bonte Koe,,31KD,PO,Voldoende
956,Basisschool De Dubbeldekker,41493.0,19LM,PO,Geen eindoordeel
957,De Tweestroom (04VI),41340.0,04VI,PO,Voldoende
958,Burgemeester van,73191.0,19LV,PO,Onvoldoende
959,De Kaleidoscoop (30FX),42523.0,30FX,PO,Onvoldoende
960,Basisschool Het Kleurrijk,47100.0,12JY,PO,Voldoende
961,obs De Keerkring (12MS),41438.0,12MS,PO,Onvoldoende
962,,77195.0,16AF,PO,Voldoende
963,basisschool De Reigersberg,41778.0,11OE,PO,Geen eindoordeel
964,,41860.0,24DV,PO,Geen eindoordeel
965,NTC Kopenhagen,,28EH,PO,Voldoende
966,De Taaltoekel,,28ER,PO,Voldoende
967,Stichting INIO,,30MP,PO,Voldoende
968,De Luchtballon,,28PU,PO,Geen eindoordeel
969,"18HO|C1 Het Palet, locatie",41561.0,18HO,PO,Onvoldoende
970,p.c.b.s De Krullevaar,69877.0,16GQ,PO,Voldoende
971,De Schakelvoorziening,40662.0,15XA,PO,Goed
972,c.b.s. De Brug (11XM|C1),41551.0,11XM,PO,Onvoldoende
973,Oecumenische Basisschool,31657.0,Unnamed_School,PO,Geen eindoordeel
974,,41845.0,05VK,PO,Zeer zwak
975,De Alpentulp,,30XW,PO,Voldoende
976,r.k.b.s. O.L.V. Sterre der Zee,45000.0,07UC,PO,Onvoldoende
977,basisschool De Wouter,47920.0,03VA,PO,Geen eindoordeel
978,,60985.0,15QG,PO,Geen eindoordeel
979,"AZC-school ""Papilio""",41735.0,12EG,PO,Geen eindoordeel
980,NTC De Tulpenbolletjes,,28GX,PO,Voldoende
981,17FU|C1 o.b.s. 't Koppel,42830.0,17FU,PO,Onvoldoende
982,Campus aan De Lanen,74049.0,31JG,PO,Voldoende
983,Rozengaardsweide,41371.0,05XX,PO,Geen eindoordeel
984,Dr. Maria Montessorischool,41376.0,08JZ,PO,Goed
985,Basisschool De Marke,41413.0,18SN,PO,Voldoende
986,Torenlei,40941.0,03YB,PO,Voldoende
987,Nederlandse School München,,29TY,PO,Voldoende
988,o.b.s. De Zilvermeeuw,41438.0,13ED,PO,Onvoldoende
989,,42818.0,06YN,PO,Geen eindoordeel
990,The Dutch Stream of St.,,28JT,PO,Voldoende
991,,41869.0,31WN,PO,Goed
992,,41565.0,19KG,PO,Geen eindoordeel
993,Basisschool Helen Parkhurst,48101.0,12SM,PO,Voldoende
994,cbs Engelenburg,70085.0,13CY,PO,Geen eindoordeel
995,SNOPP De Wieken,,28KD,PO,Geen eindoordeel
996,De Zuiderpoort (18WL),41674.0,18WL,PO,Zeer zwak
997,,41645.0,19ZE,PO,Geen eindoordeel
998,,40717.0,15BR,PO,Onvoldoende
999,Nieuwe Park Rozenburg,74531.0,06NO,PO,Goed
1000,,41816.0,13QG,PO,Onvoldoende
1001,01AK|C1 sbo Johan Seckel,62181.0,01AK,PO,Geen eindoordeel
1002,,41878.0,13BE,PO,Voldoende
1003,,42828.0,18FK,PO,Geen eindoordeel
1004,,41735.0,15YO,PO,Voldoende
1005,"St Bavoschool, locatie Eem",85255.0,19RK,PO,Voldoende
1006,De Toermalijn (18LX-C1),41775.0,18LX,PO,Voldoende
1007,,41631.0,13QV,PO,Geen eindoordeel
1008,basisschool De Alm,48101.0,10HG,PO,Geen eindoordeel
1009,Basisschool H.J.Piek 04AA|C1,62818.0,04AA,PO,Voldoende
1010,basisschool De Cortendijck,74154.0,17AM,PO,Geen eindoordeel
1011,,,28LL,PO,Voldoende
1012,o.b.s. De Vuurvogel,42719.0,15KJ,PO,Voldoende
1013,,41419.0,14QA,PO,Geen eindoordeel
1014,Openbare basischool De,41435.0,08SY,PO,Geen eindoordeel
1015,OBS De Bongerd 17UG,41616.0,17UG,PO,Voldoende
1016,,41862.0,30UZ,PO,Geen eindoordeel
1017,,41371.0,08FA,PO,Geen eindoordeel
1018,,30010.0,21RS,PO,Voldoende
1019,,41530.0,03QR,PO,Geen eindoordeel
1020,sbo Facet,40888.0,20QP,PO,Voldoende
1021,De Eendragt,41194.0,04RV,PO,Voldoende
1022,Kindcentrum Driemaster,42719.0,14GR,PO,Geen eindoordeel
1023,,69877.0,16GQ,PO,Voldoende
1024,,41516.0,03VC,PO,Voldoende
1025,IKC Achterberg,40672.0,05GP,PO,Voldoende
1026,"De Wateringe,",41570.0,14EW,PO,Goed
1027,,41630.0,10CY,PO,Geen eindoordeel
1028,"OBS De Meerburgh, locatie",41390.0,15PJ,PO,Onvoldoende
1029,Basisschool Het Mooiste,41860.0,08JE,PO,Voldoende
1030,basisschool De Piramide,42709.0,14HR,PO,Goed
1031,Het Kompas 07NW,41270.0,07NW,PO,Voldoende
1032,Openbare Basisschool De,42504.0,15NJ,PO,Geen eindoordeel
1033,De Duyfkenschool in,,29YR,PO,Voldoende
1034,Katholieke Daltonschool De,43318.0,21NR,PO,Voldoende
1035,IKC Teake Jan Roorda 12FL,41000.0,12FL,PO,Zeer zwak
1036,,80433.0,15SZ,PO,Voldoende
1037,,40637.0,30FL,PO,Basistoezicht
1038,Basisschool Gravin van,41460.0,04LB,PO,Onvoldoende
1039,De Piramide,41639.0,14FU,PO,Geen eindoordeel
1040,basisschool De Leerlingst,23961.0,07EG,PO,Geen eindoordeel
1041,'t Klokhuis,,28JN,PO,Voldoende
1042,Peter Petersenschool,40865.0,01VG,PO,Geen eindoordeel
1043,De Regenboogschool,,28HY,PO,Voldoende
1044,,47920.0,03QF,PO,Geen eindoordeel
1045,SBO De Windroos Lindenholt,29810.0,00KU,PO,Goed
1046,Stichting NTC-Bali,,28RB,PO,Voldoende
1047,,41516.0,11LL,PO,Geen eindoordeel
1048,,42554.0,13XE,PO,Voldoende
1049,'t Schoolhuys,43318.0,10GR,PO,Geen eindoordeel
1050,"09ZI, IKC Frankendael",81316.0,09ZI,PO,Onvoldoende
1051,Openbare basisschool 't,41514.0,16CI,PO,Goed
1052,Al Ihsaan (28BL-C1),40077.0,28BL,PO,Onvoldoende
1053,,41775.0,19CF,PO,Voldoende
1054,,41424.0,18YH,PO,Geen eindoordeel
1055,De Lochtenbergh (10EZ-C1),40971.0,10EZ,PO,Voldoende
1056,obs De Delta,41852.0,30FY,PO,Geen eindoordeel
1057,,40876.0,00MY,PO,Geen eindoordeel
1058,,42504.0,15PX,PO,Geen eindoordeel
1059,OBS De OpStap (13LB|C2),41630.0,13LB,PO,Geen eindoordeel
1060,Neveninstroomproject De,41535.0,13YD,PO,Geen eindoordeel
1061,08RD|C1 Basisschool An d'r,41516.0,08RD,PO,Voldoende
1062,,,28FG,PO,Voldoende
1063,,41138.0,06DX,PO,Geen eindoordeel
1064,OBS Spr@nkel,41566.0,13MB,PO,Voldoende
1065,Het Palet,23128.0,04NU,PO,Geen eindoordeel
1066,,40928.0,04KU,PO,Onvoldoende
1067,OBS Sprengenpark 17MS,41616.0,17MS,PO,Voldoende
1068,,41018.0,03OK,PO,Geen eindoordeel
1069,Jenaplanschool In de Manne,45000.0,23DM,PO,Zeer zwak
1070,Roxenisse,41502.0,10CF,PO,Geen eindoordeel
1071,,41023.0,07JH,PO,Geen eindoordeel
1072,,41565.0,17TK,PO,Geen eindoordeel
1073,Stichting Nederlands,,28ME,PO,Voldoende
1074,O.b.s. De Pionier,41735.0,14LR,PO,Voldoende
1075,Hildegaertschool,40774.0,01XU,PO,Goed
1076,"World Wide Juf, persoonlijk",,30YG,PO,Voldoende
1077,De Casembroot 18TS,41842.0,18TS,PO,Goed
1078,,41527.0,16GW,PO,Geen eindoordeel
1079,CBS Ravelijn (08UN),41574.0,08UN,PO,Geen eindoordeel
1080,o.b.s. De Vlinderboom,41735.0,14LR,PO,Voldoende
1081,International Bilingual School,,29WY,PO,Onvoldoende
1082,De Poolster 20ZD|C1,42553.0,20ZD,PO,Zeer zwak
1083,SWS De Fierljepper,41693.0,18TK,PO,Voldoende
1084,,41856.0,08CC,PO,Geen eindoordeel
1085,GBS De Poort,42607.0,06SE,PO,Voldoende
1086,GBS de Fontein (08VH-C2),41624.0,08VH,PO,Geen eindoordeel
1087,,41506.0,16HE,PO,Voldoende
1088,Oranjeschool,,28RF,PO,Geen eindoordeel
1089,Jenaplanschool De Vlieger,41516.0,00BW,PO,Geen eindoordeel
1090,Zaanplein,41251.0,08XR,PO,Voldoende
1091,basisschool 't Loo,41011.0,03RO,PO,Voldoende
1092,Stichting Nederlands taal- en,,28FK,PO,Voldoende
1093,,85255.0,07XG,PO,Geen eindoordeel
1094,,,29WH,PO,Voldoende
1095,Evangelische basisschool,40189.0,24ZK,PO,Onvoldoende
1096,"NTC-school De Blauwe Lotus,",,28LN,PO,Voldoende
1097,pcbs De Wegwijzer,79874.0,Unnamed_School,PO,Geen eindoordeel
1098,"OBS De Gouwaert, 13GW|C1",41444.0,13GW,PO,Voldoende
1099,,77235.0,08FH,PO,Geen eindoordeel
1100,o.b.s. De Garven,41574.0,15HW,PO,Geen eindoordeel
1101,Petrus Donders (07UO|C1),40928.0,07UO,PO,Voldoende
1102,,,28EG,PO,Voldoende
1103,,40114.0,12PM,PO,Onvoldoende
1104,obs Jan Campert,41639.0,13ZS,PO,Geen eindoordeel
1105,De Bothoven,41565.0,16NV,PO,Geen eindoordeel
1106,Het Kleurenorkest,,30TY,PO,Voldoende
1107,Paus Johannesschool 18BB|C1,24597.0,18BB,PO,Voldoende
1108,,41583.0,04JJ,PO,Voldoende
1109,OBS De Parelmoer,41778.0,10MB,PO,Geen eindoordeel
1110,c.b.s. Eben Haëzer (15DQ|C1),41270.0,15DQ,PO,Zeer zwak
1111,,40377.0,15YJ,PO,Geen eindoordeel
1112,NTC-school de Rode Leeuw,,28RH,PO,Voldoende
1113,,41493.0,03BA,PO,Geen eindoordeel
1114,School met de Bijbel te,42570.0,07XH,PO,Zeer zwak
1115,Jakarta Dutch School,,28FG,PO,Voldoende
1116,,42623.0,30UN,PO,Geen eindoordeel
1117,Brede school Elisabeth Paulus,41023.0,16KV,PO,Geen eindoordeel
1118,Basisschool Kleur-Rijk,41018.0,05DV,PO,Geen eindoordeel
1119,Rooms Katholieke,40812.0,15JW,PO,Voldoende
1120,SBO De Kans,41579.0,20XC,PO,Geen eindoordeel
1121,NTC-school Karlsruhe,,28EC,PO,Voldoende
1122,"Basisschool John F. Kennedy,",41518.0,18RJ,PO,Onvoldoende
1123,,89155.0,31WJ,PO,Geen eindoordeel
1124,De Toonladder,42623.0,14XR,PO,Voldoende
1125,"Basisschool Erasmus, 22JV",60997.0,22JV,PO,Zeer zwak
1126,De Boomgaard 31PU,47100.0,31PU,PO,Voldoende
1127,05ZW|C1 Obs Meander,41496.0,05ZW,PO,Zeer zwak
1128,De Korenbloem,40894.0,10XS,PO,Geen eindoordeel
1129,De Molenwiek,,28PG,PO,Geen eindoordeel
1130,"De Zeevonk, 09RU",41500.0,09RU,PO,Voldoende
1131,De Kameleon (08ON),50819.0,08ON,PO,Voldoende
1132,obs Westerschool,41613.0,08IC,PO,Geen eindoordeel
1133,Jan Harmenshof,41561.0,18LE,PO,Goed
1134,IVIO-Wereldschool,,21QS,PO,Voldoende
1135,De Pontonnier,31657.0,07BH,PO,Geen eindoordeel
1136,Oranjeschool in Seattle,,28RF,PO,Geen eindoordeel
1137,OBS Voorhoute,41778.0,11ZM,PO,Geen eindoordeel
1138,LanguageOne Online primair,,31FZ,PO,Geen eindoordeel
1139,De Touwladder / 05JG,40848.0,05JG,PO,Goed
1140,NTC De Tulpenbolletjes,,28GX,PO,Voldoende
1141,basisschool Pipita,,28PX,PO,Onvoldoende
1142,De Meele,41651.0,05PS,PO,Voldoende
1143,,42562.0,19MA,PO,Geen eindoordeel
1144,De kleine Vliegenier 17XB|C1,62662.0,17XB,PO,Voldoende
1145,,30725.0,31LL,PO,Geen eindoordeel
1146,basisschool Het Dal (07RQ),42538.0,07RQ,PO,Geen eindoordeel
1147,,,28ET,PO,Voldoende
1148,KC Ontdekrijk 14JK,41545.0,14JK,PO,Zeer zwak
1149,An Noer (23VH),31118.0,23VH,PO,Goed
1150,Basisschool Binnen de Veste,41557.0,10DM,PO,Zeer zwak
1151,rkbs de Golfbreker 08YN|C1,41251.0,08YN,PO,Voldoende
1152,De Hazesprong,47100.0,12AR,PO,Voldoende
1153,Barbaraschool,27770.0,04ST,PO,Geen eindoordeel
1154,,82526.0,17PR,PO,Voldoende
1155,De Woldschool,41816.0,14CW,PO,Geen eindoordeel
1156,De Vogelaar 18EO,41816.0,18EO,PO,Voldoende
1157,,32073.0,14ZS,PO,Voldoende
1158,Nicolaasschool,77975.0,09AV,PO,Geen eindoordeel
1159,01GQ SBO Carolusschool,42486.0,01GQ,PO,Voldoende
1160,Maria in Campisschool,45000.0,08XL,PO,Voldoende
1161,De Wijde Wereld,41853.0,16WT,PO,Geen eindoordeel
1162,,75388.0,11QU,PO,Geen eindoordeel
1163,,41127.0,07XL,PO,Onvoldoende
1164,"Basisschool Hoffenne, 15BI",40967.0,15BI,PO,Voldoende
1165,Het Spectrum (27XK|C1),74531.0,27XK,PO,Goed
1166,Nederlands Onderwijs,,31NF,PO,Onvoldoende
1167,St. Janschool,58761.0,19MY,PO,Geen eindoordeel
1168,Holendrecht (20SC),41716.0,20SC,PO,Voldoende
1169,,41256.0,27MA,PO,Geen eindoordeel
1170,Petrusschool 03PQ|C1,40928.0,03PQ,PO,Voldoende
1171,basisschool Overhoven,83280.0,15FU,PO,Geen eindoordeel
1172,De Helix 13UE,41364.0,13UE,PO,Voldoende
1173,Azc-school Oisterwijk (10VR),41611.0,10VR,PO,Voldoende
1174,27PH De Wendakker,40934.0,27PH,PO,Onvoldoende
1175,,41023.0,17BB,PO,Geen eindoordeel
1176,obs De Wijde Wereld,41514.0,15WT,PO,Geen eindoordeel
1177,Stichting Nederlandse taal en,,28KR,PO,Voldoende
1178,Al Hambra,40077.0,24EJ,PO,Geen eindoordeel
1179,,40950.0,27TZ,PO,Onvoldoende
1180,PCBS De Tamarisk,42600.0,13ZB,PO,Voldoende
1181,,85600.0,03ZN,PO,Geen eindoordeel
1182,"Liduinaschool, locatie",47322.0,19UF,PO,Voldoende
